sku,price
RCP H145,35.85
RCP H146 BLU,39.3
RCP H146,39.3
RCP H146 RED,39.3
RCP H146 GRE,39.3
RCP H215,25.35
RCP H216,27
RCP H217,27.3
RCP H226,34.8
RCP H235,37.5
RCP H236,38.4
RCP H245,37.5
RCP H246 GRA,38.4
RCP H246 BLU,38.4
RCP H246 RED,38.4
RCP H316,14.25
RCP H516,24.45
RCP J151-12,27.45
RCP J152,32.7
RCP J153,37.95
RCP J155,50.1
RCP J253 BLU,33.45
RCP J353,34.65
RCP J855,673.2
RCP K153-12 BLU,30.45
RCP K155-12,491.4
RCP L153-12 WHI,205.2
RCP L155-12 WHI,253.8
RCP L157-12 WHI,288
RCP L253,163.8
RCP L255,226.8
RCP M150,225
RCPM1564200,426
RCP M1565400,426
RCP M1566000,426
RCP M1566200,426
RCP M252-12,12
RCP M253-12,151.2
RCP M255-12,201.6
RCP M257-12,252
RCP MST35EPLWH,113.25
RCP MST35ERD,113.25
RCP MST35SSPL,207
RCP MST7SSGL,321
RCP P267,54.45
RCP P269,58.95
RCP P271,64.2
RCP Q050,441
RCP Q180 BLA,13.05
RCP Q200,207.9
RCP Q311,27.3
RCP Q322,82.5
RCP Q326,528
RCP Q408 GRE,205.2
RCP Q409 BLU,162
RCP Q410 GRE,248.4
RCP Q410 RED,248.4
RCP Q410 BLU,248.4
RCP Q411 BLU,379.8
RCP Q412 WHI,252
RCP Q412 GRE,252
RCP Q415,25.2
RCP Q416,33.45
RCP Q418,173.7
RCP Q426,219.6
RCP Q436 GRE,35.85
RCP Q438,288
RCP Q449,360.9
RCP Q460 GRE,441.9
RCP Q550,32.85
RCP Q559 BLA,28.95
RCP Q560,44.85
RCP Q570,51.9
RCP Q580 YEL,59.85
RCP Q590 YEL,68.1
RCP Q610 YEL,93.6
RCP Q620 BLU,8.25
RCP Q620 RED,99
RCP Q620 GRE,99
RCP Q630 BLU,120.6
RCP Q745,20.7
RCP Q749 YEL,13.5
RCP Q750,20.4
RCP Q755,33.15
RCP Q760,33.15
RCP Q775 YEL,195
RCP Q800 WHI,192.6
RCP Q805,182.7
RCP Q810,189.9
RCP Q820 BLU,124.2
RCP Q850,49.95
RCP Q851,19.95
RCP Q852 WHI,56.25
RCP Q853 WHI,168.3
RCP Q855,68.85
RCP Q861 WHI,275.4
RCP Q881 YEL,235.8
RCP Q891 BLU,235.8
RCP Q930,217.5
RCP Q950-88 YEL,114
RCP Q966,81
RCP Q979,672
RCP Q989,672
RCP QST24SSPL,945
RCP R1012EBK,282
RCP R1536EGLALM,357
RCP R1536EGLW,357
RCP R1536EOTBKGL,312
RCP R1536EPLBLK,357
RCP R1536MCGL,840
RCP R1536SSSGL,642
RCP R1639EHBZ,336
RCP R1639EHGR,336
RCP R18SU-201PL,1140
RCP R1BK,372
RCP R1SM,372
RCP R2030EPLBK,795
RCP R2030SSPL,1395
RCP R32SSS,513
RCP R934-00BK,612
RCP RSW2,8.55
RCP SO8-10BPL,375
RCP S25,57.9
RCP S299,28.65
RCP S3ETBKPL,862.5
RCP SBR52BK,474
RCP SC14EPLSM,765
RCP SC18EPLSM,990
RCP SH12EPLSM,513
RCP SO12-20PLBK,411
RCP SO12-SSSPL,757.5
RCP SO16SSSGL,648
RCP SO8-20PLBK,375
RCP SO8SSSPL,636
RCP SR18EPLSM,1065
RCP ST12-ERBWHI,268.5
RCP ST12EPLRED,339
RCP ST12EPLWH,339
RCP ST24EPLRED,408
RCP ST24ERBWHI,330
RCP ST24SSPL,892.5
RCP ST24SSRB,787.5
RCP ST40SSPL,1245
RCP ST5EGLRED,189
RCP ST7EPLRED,280.5
RCP ST7SSPL,498
RCP ST7SSRB,474
RCP T110,50.7
RCP T120,60
RCP T130,73.35
RCP T1424SSPL,862.5
RCP T1424SSRB,711
RCP T199,19.65
RCP T200-06,208.8
RCP T201-06,270
RCP T255,270
RCP T256,298.8
RCP T300,846
RCP T410,68.4
RCP T499,16.95
RCP T812-06 GRE,213.3
RCP T852-06 GRE,225
RCP U120,23.55
RCP U130,22.8
RCP U210,39.9
RCP UB1900SSS,160.5
RCP V116,82.8
RCP V117,89.16
RCP V118,102.6
RCP V119,135
RCP V156,100.8
RCP V158,127.8
RCP V418,190.8
RCP WB26BLA,34.8
RCP WB29RSS,135.75
RCP WB30RAL,84
RCP WB96RAL,180
RCP WB96RBLA,180
RCP WMB20BK,237.6
RCP WMB30RBK,167.85
RCP 125P CLE,23.55
RCP 25051,53.7
RCP 1966882,96.75
1966882,96.75
RCP 1792371,877.5
RCP 1966883,96.75
RCP 1883455,114
RCP 1883458,114
RCP 1883460,114
RCP 1883552,114
RCP 1883628,114
RCP 1883619,114
RCP 1883620,114
RCP 1792339,877.5
RCP 1883554,114
RCP 1883617,114
RCP1883617,114
RCP 1883456,114
RCP 1883555,114
RCP 1883573,114
RCP 1883564,114
RCP 1883591,114
RCP 1883582,114
RCP 1883600,114
RCP 1883609,114
RCP 1883563,114
RCP 1883599,114
RCP 1883608,114
RCP 1883590,114
RCP 1883581,114
RCP 1883557,114
RCP 1883575,114
RCP 1883602,114
RCP 1883566,114
RCP 1883661,114
RCP1883661,114
RCP 1883593,114
1883593,114
1883584,114
RCP 1883604,114
RCP 1883613,114
RCP 1883568,114
RCP 1883577,114
RCP 1883559,114
RCP 1883595,114
RCP 1883586,114
RCP 1883606,114
RCP 1883570,114
RCP 1883615,114
RCP 1883597,114
RCP 1883588,114
RCP 1883561,114
RCP 1883579,114
RCP 1883618,114
RUB 7083,68.1
RUB 3748,68.1
RUB 3747,68.1
RHP 7085,68.1
RCP 9F35,102.75
RCP 9F36,102.75
RCP 9F38,102.75
RCP 4520-10 Bla,982.5
